arquivo_mp4,caminho_completo,observacao
0eb886f18687166c40d677b3f0c8e19f3732642eef527da0e2d84fa7344e8db8.mp4,D:\app-middle\acervo-videos\HD\Sem categoria\0eb886f18687166c40d677b3f0c8e19f3732642eef527da0e2d84fa7344e8db8.mp4,não consta no banco atual do aplicativo
0fa028266e44e335d8dea0e97d1eedb81ca21c9db513f8bced0eb11a0ba9ff7c.mp4,D:\app-middle\acervo-videos\HD\Sem categoria\0fa028266e44e335d8dea0e97d1eedb81ca21c9db513f8bced0eb11a0ba9ff7c.mp4,não consta no banco atual do aplicativo
1053f18a0e218d2f5703e6016a2204544cce88cc9863acad656420f76cfb1561.mp4,D:\app-middle\acervo-videos\HD\Sem categoria\1053f18a0e218d2f5703e6016a2204544cce88cc9863acad656420f76cfb1561.mp4,não consta no banco atual do aplicativo
17a6b7687756490692a21db4422b35d94d5cae4b447aa045e92c67d07512a181.mp4,D:\app-middle\acervo-videos\HD\Sem categoria\17a6b7687756490692a21db4422b35d94d5cae4b447aa045e92c67d07512a181.mp4,não consta no banco atual do aplicativo
1880289a936c043d4dc2261e600cad7bdc0183b9dcd13e5b9c8351ebc71c60c3.mp4,D:\app-middle\acervo-videos\HD\Sem categoria\1880289a936c043d4dc2261e600cad7bdc0183b9dcd13e5b9c8351ebc71c60c3.mp4,não consta no banco atual do aplicativo
1a853b9ff5e481435fe4eeb424a49b6194b457be9044c18e242387be455ca2f8.mp4,D:\app-middle\acervo-videos\HD\Sem categoria\1a853b9ff5e481435fe4eeb424a49b6194b457be9044c18e242387be455ca2f8.mp4,não consta no banco atual do aplicativo
1e6a1be9723eac89b7b5a5775c16f37f2e85ae3dbd7add874f8cb283f79210a1.mp4,D:\app-middle\acervo-videos\HD\Sem categoria\1e6a1be9723eac89b7b5a5775c16f37f2e85ae3dbd7add874f8cb283f79210a1.mp4,não consta no banco atual do aplicativo
25cb3013f0bf0b604382453cc576b34c8ce2085b1ef6d1650adc5a81a931ab8b.mp4,D:\app-middle\acervo-videos\HD\Sem categoria\25cb3013f0bf0b604382453cc576b34c8ce2085b1ef6d1650adc5a81a931ab8b.mp4,não consta no banco atual do aplicativo
2a8f83296b9f256fdabb44af52b8ab6c5ee7fbe074dd6f003606e4b3b2800e54.mp4,D:\app-middle\acervo-videos\HD\Sem categoria\2a8f83296b9f256fdabb44af52b8ab6c5ee7fbe074dd6f003606e4b3b2800e54.mp4,não consta no banco atual do aplicativo
34f5be3f85f8146d4c30e9d4c6a82b6005a0f48a2afe955598b82db47ce22ddb.mp4,D:\app-middle\acervo-videos\HD\Sem categoria\34f5be3f85f8146d4c30e9d4c6a82b6005a0f48a2afe955598b82db47ce22ddb.mp4,não consta no banco atual do aplicativo
3629ca76b1c8c6666c017c8c3e57ae45b2f25aa3742b279ece7b99227c03901b.mp4,D:\app-middle\acervo-videos\HD\Sem categoria\3629ca76b1c8c6666c017c8c3e57ae45b2f25aa3742b279ece7b99227c03901b.mp4,não consta no banco atual do aplicativo
39b7870f249d4742cb1681797e52e525e11838ade2cde54c3bf199eac114518b.mp4,D:\app-middle\acervo-videos\HD\Sem categoria\39b7870f249d4742cb1681797e52e525e11838ade2cde54c3bf199eac114518b.mp4,não consta no banco atual do aplicativo
3ac3223ec72e8d67051aafabc6bc5b9c27ba51ef0507bf3fe7b3177cb7c472b3.mp4,D:\app-middle\acervo-videos\HD\Sem categoria\3ac3223ec72e8d67051aafabc6bc5b9c27ba51ef0507bf3fe7b3177cb7c472b3.mp4,não consta no banco atual do aplicativo
3b3bfb15fa93b11b8088ac6d2ce846e65e6f84f5237e28ba6c48086d1d2215ed.mp4,D:\app-middle\acervo-videos\HD\Sem categoria\3b3bfb15fa93b11b8088ac6d2ce846e65e6f84f5237e28ba6c48086d1d2215ed.mp4,não consta no banco atual do aplicativo
3b48ed48921ab11046f1d797f5bca36ac7372195016dace55ad5d1f20cc2911b.mp4,D:\app-middle\acervo-videos\HD\Sem categoria\3b48ed48921ab11046f1d797f5bca36ac7372195016dace55ad5d1f20cc2911b.mp4,não consta no banco atual do aplicativo
3effa6bcbb5b3378a5ac7909c5f709520f55951ab6292724342645fc5e268a0e.mp4,D:\app-middle\acervo-videos\HD\Sem categoria\3effa6bcbb5b3378a5ac7909c5f709520f55951ab6292724342645fc5e268a0e.mp4,não consta no banco atual do aplicativo
41f7592a31cbafe1b59642f9003dab528b674a8d6ef68b0a84edc59fb2d7346a.mp4,D:\app-middle\acervo-videos\HD\Sem categoria\41f7592a31cbafe1b59642f9003dab528b674a8d6ef68b0a84edc59fb2d7346a.mp4,não consta no banco atual do aplicativo
45d6a57469d086057b1a30a1c5f5798d410a96bfcb26637f2811e6072aab9df5.mp4,D:\app-middle\acervo-videos\HD\Sem categoria\45d6a57469d086057b1a30a1c5f5798d410a96bfcb26637f2811e6072aab9df5.mp4,não consta no banco atual do aplicativo
4b03bd77b3d8ba0179c546dae031b8b4e4c021eec8f5fdf45b038200846d63f9.mp4,D:\app-middle\acervo-videos\HD\Sem categoria\4b03bd77b3d8ba0179c546dae031b8b4e4c021eec8f5fdf45b038200846d63f9.mp4,não consta no banco atual do aplicativo
566c5f2753c70815bca28504e2e6f1d5e42f526b5c368a5a7aaec6338efcfef6.mp4,D:\app-middle\acervo-videos\HD\Sem categoria\566c5f2753c70815bca28504e2e6f1d5e42f526b5c368a5a7aaec6338efcfef6.mp4,não consta no banco atual do aplicativo
6b4b2e1bee50de84a99cff8161938566d18ae1c61f7a1e46303663ee1e4e0ffd.mp4,D:\app-middle\acervo-videos\HD\Sem categoria\6b4b2e1bee50de84a99cff8161938566d18ae1c61f7a1e46303663ee1e4e0ffd.mp4,não consta no banco atual do aplicativo
6b82aa293305a3a7c579debbad31a8cd6e01f22b8c1736a0fa71e22ab9347cba.mp4,D:\app-middle\acervo-videos\HD\Sem categoria\6b82aa293305a3a7c579debbad31a8cd6e01f22b8c1736a0fa71e22ab9347cba.mp4,não consta no banco atual do aplicativo
750fe978a4a1b08bd2631a036c323fc01518396ad56187cb72fde3ebe171122a.mp4,D:\app-middle\acervo-videos\HD\Sem categoria\750fe978a4a1b08bd2631a036c323fc01518396ad56187cb72fde3ebe171122a.mp4,não consta no banco atual do aplicativo
7b8c0e890abf834b6a9b0e14fe86ed9741157c9149cd0504591641dceafae1bd.mp4,D:\app-middle\acervo-videos\HD\Sem categoria\7b8c0e890abf834b6a9b0e14fe86ed9741157c9149cd0504591641dceafae1bd.mp4,não consta no banco atual do aplicativo
80786cd2657b5cda1393205f3b2d704a69f5297de63e62679852fe3244673a25.mp4,D:\app-middle\acervo-videos\HD\Sem categoria\80786cd2657b5cda1393205f3b2d704a69f5297de63e62679852fe3244673a25.mp4,não consta no banco atual do aplicativo
885f9e5413b410a5e810d4c07dc580dac9368b56e2d74c1029fbce5c3a9fe1f1.mp4,D:\app-middle\acervo-videos\HD\Sem categoria\885f9e5413b410a5e810d4c07dc580dac9368b56e2d74c1029fbce5c3a9fe1f1.mp4,não consta no banco atual do aplicativo
8ce561ef9dbf7cc04aac7bcc787c24514bd0914e002a688fe5d70e559a60cb77.mp4,D:\app-middle\acervo-videos\HD\Sem categoria\8ce561ef9dbf7cc04aac7bcc787c24514bd0914e002a688fe5d70e559a60cb77.mp4,não consta no banco atual do aplicativo
8cef342886bb2a0cdd455191e6cbe01dc7d957a8729eb4bca5ae602d19b0d682.mp4,D:\app-middle\acervo-videos\HD\Sem categoria\8cef342886bb2a0cdd455191e6cbe01dc7d957a8729eb4bca5ae602d19b0d682.mp4,não consta no banco atual do aplicativo
943ff8514dbeea1e5b0e6b74c2faab9ac4c9f96548e22acb8d158d3bfdea600d.mp4,D:\app-middle\acervo-videos\HD\Sem categoria\943ff8514dbeea1e5b0e6b74c2faab9ac4c9f96548e22acb8d158d3bfdea600d.mp4,não consta no banco atual do aplicativo
9a148a5d0fd8253764d86f266a0d744c55fe881375ee9f5c754cdf5e058d2ebe.mp4,D:\app-middle\acervo-videos\HD\Sem categoria\9a148a5d0fd8253764d86f266a0d744c55fe881375ee9f5c754cdf5e058d2ebe.mp4,não consta no banco atual do aplicativo
9bf66fc46e131f47d0f8ca256701c7e68eea7ed6dd3bce8f8651d9ab2e625b0e.mp4,D:\app-middle\acervo-videos\HD\Sem categoria\9bf66fc46e131f47d0f8ca256701c7e68eea7ed6dd3bce8f8651d9ab2e625b0e.mp4,não consta no banco atual do aplicativo
9fb6deaae3ad97e8f89b07035d7aead922158ec2551f47fb6c8df2951b6e16b1.mp4,D:\app-middle\acervo-videos\HD\Sem categoria\9fb6deaae3ad97e8f89b07035d7aead922158ec2551f47fb6c8df2951b6e16b1.mp4,não consta no banco atual do aplicativo
a3d103cffe59f8ed849c624ecf7a8ef6467a13bb656e535dce80428e39b49e9f.mp4,D:\app-middle\acervo-videos\HD\Sem categoria\a3d103cffe59f8ed849c624ecf7a8ef6467a13bb656e535dce80428e39b49e9f.mp4,não consta no banco atual do aplicativo
a550fc95c9c99087692587099f0457f91f72cb7f3405f909f9e73a345272f130.mp4,D:\app-middle\acervo-videos\HD\Sem categoria\a550fc95c9c99087692587099f0457f91f72cb7f3405f909f9e73a345272f130.mp4,não consta no banco atual do aplicativo
a8a0ae40ba64014e04cf4e0adfca3db5f9be25dfa9038cdb51e4bddf25993d59.mp4,D:\app-middle\acervo-videos\HD\Sem categoria\a8a0ae40ba64014e04cf4e0adfca3db5f9be25dfa9038cdb51e4bddf25993d59.mp4,não consta no banco atual do aplicativo
aacd4e51239f84221b55f16ce0c7f136efc382c7569b52e4d1ec02451dc8eaae.mp4,D:\app-middle\acervo-videos\HD\Sem categoria\aacd4e51239f84221b55f16ce0c7f136efc382c7569b52e4d1ec02451dc8eaae.mp4,não consta no banco atual do aplicativo
ad0b8d373eba13bea45abfaa675ffdd0cd44c095bfb9bd62c64b4965a8a5e641.mp4,D:\app-middle\acervo-videos\HD\Sem categoria\ad0b8d373eba13bea45abfaa675ffdd0cd44c095bfb9bd62c64b4965a8a5e641.mp4,não consta no banco atual do aplicativo
b0f76f4f74f95f51b12f4e75744d2bf49643cb3615ea68da29ec2bfa52167a86.mp4,D:\app-middle\acervo-videos\HD\Sem categoria\b0f76f4f74f95f51b12f4e75744d2bf49643cb3615ea68da29ec2bfa52167a86.mp4,não consta no banco atual do aplicativo
b2582dc8c571f1b0c8b72ea568dfbfa81bfb16341a2e253a63fb7fc5fa045801.mp4,D:\app-middle\acervo-videos\HD\Sem categoria\b2582dc8c571f1b0c8b72ea568dfbfa81bfb16341a2e253a63fb7fc5fa045801.mp4,não consta no banco atual do aplicativo
c6432ad09c75fc46f96a090b6ecab0a5d2c715c018ff8013627ad672582eb0f8.mp4,D:\app-middle\acervo-videos\HD\Sem categoria\c6432ad09c75fc46f96a090b6ecab0a5d2c715c018ff8013627ad672582eb0f8.mp4,não consta no banco atual do aplicativo
c81d82851daf64965307a50e2a8b6e99098f36a134635475030e52ff01d97c23.mp4,D:\app-middle\acervo-videos\HD\Sem categoria\c81d82851daf64965307a50e2a8b6e99098f36a134635475030e52ff01d97c23.mp4,não consta no banco atual do aplicativo
caf1a5515731b0c420dd9d3359bfcc2369cead5da57f9a7e56768b30ddee7ed4.mp4,D:\app-middle\acervo-videos\HD\Sem categoria\caf1a5515731b0c420dd9d3359bfcc2369cead5da57f9a7e56768b30ddee7ed4.mp4,não consta no banco atual do aplicativo
d03091b697eccf18de922436b5a36c6458c1411bab11ac2e6ffa058bfd483409.mp4,D:\app-middle\acervo-videos\HD\Sem categoria\d03091b697eccf18de922436b5a36c6458c1411bab11ac2e6ffa058bfd483409.mp4,não consta no banco atual do aplicativo
d3aabc72785640c497cbb8224c318f36a7b5cc92e8bdcd6e03042f720abac644.mp4,D:\app-middle\acervo-videos\HD\Sem categoria\d3aabc72785640c497cbb8224c318f36a7b5cc92e8bdcd6e03042f720abac644.mp4,não consta no banco atual do aplicativo
e5aeaba171afc4d8aca0e2dac8db6f74dbd0fdb20d9e55bddf36124dd5d1334a.mp4,D:\app-middle\acervo-videos\HD\Sem categoria\e5aeaba171afc4d8aca0e2dac8db6f74dbd0fdb20d9e55bddf36124dd5d1334a.mp4,não consta no banco atual do aplicativo
efdc7b43bdee20e0e6f2043da92b99bb57ad504241a1c7e70f26a81af2cc0128.mp4,D:\app-middle\acervo-videos\HD\Sem categoria\efdc7b43bdee20e0e6f2043da92b99bb57ad504241a1c7e70f26a81af2cc0128.mp4,não consta no banco atual do aplicativo
f0be3ef06d2d92c1dd8f9938c88e8e8b6f630b29ec09441b58681d3f523b4286.mp4,D:\app-middle\acervo-videos\HD\Sem categoria\f0be3ef06d2d92c1dd8f9938c88e8e8b6f630b29ec09441b58681d3f523b4286.mp4,não consta no banco atual do aplicativo
fa6d620d6e1c3640dcdd3bf9cd872a5200bae0c8600253a866af170472977e1c.mp4,D:\app-middle\acervo-videos\HD\Sem categoria\fa6d620d6e1c3640dcdd3bf9cd872a5200bae0c8600253a866af170472977e1c.mp4,não consta no banco atual do aplicativo
vid_11881201.mp4,D:\app-middle\acervo-videos\HD\Sem categoria\vid_11881201.mp4,não consta no banco atual do aplicativo
vid_33221201.mp4,D:\app-middle\acervo-videos\HD\Sem categoria\vid_33221201.mp4,não consta no banco atual do aplicativo
vid_411201.mp4,D:\app-middle\acervo-videos\HD\Sem categoria\vid_411201.mp4,não consta no banco atual do aplicativo
vid_43021201.mp4,D:\app-middle\acervo-videos\HD\Sem categoria\vid_43021201.mp4,não consta no banco atual do aplicativo
vid_51021201.mp4,D:\app-middle\acervo-videos\HD\Sem categoria\vid_51021201.mp4,não consta no banco atual do aplicativo
vid_59881201.mp4,D:\app-middle\acervo-videos\HD\Sem categoria\vid_59881201.mp4,não consta no banco atual do aplicativo
vid_61791201.mp4,D:\app-middle\acervo-videos\HD\Sem categoria\vid_61791201.mp4,não consta no banco atual do aplicativo
